[
    {
        "Library": "Android Support v4", 
        "Match Ratio": "39/39", 
        "Package": "Landroidx/cursoradapter", 
        "Permission": [
            "android.permission.DUMP", 
            "android.permission.INTERACT_ACROSS_USERS", 
            "android.permission.INTERACT_ACROSS_USERS_FULL", 
            "android.permission.INTERNET"
        ], 
        "Popularity": "5960", 
        "Standard Package": "Landroid/support/v4", 
        "Type": "Development Aid", 
        "Website": "http://developer.android.com/reference/android/support/v4/app/package-summary.html"
    }, 
    {
        "Library": "Google Mobile Services", 
        "Match Ratio": "25/3425", 
        "Package": "Lcom/google/android/gms", 
        "Permission": [
            "android.permission.BACKUP", 
            "android.permission.BLUETOOTH_ADMIN", 
            "android.permission.DUMP", 
            "android.permission.INTERACT_ACROSS_USERS", 
            "android.permission.INTERACT_ACROSS_USERS_FULL", 
            "android.permission.INTERNET", 
            "android.permission.WAKE_LOCK"
        ], 
        "Popularity": "95063", 
        "Standard Package": "Lcom/google/android/gms", 
        "Type": "Development Aid", 
        "Website": "https://developers.google.com/android/reference/com/google/android/gms/package-summary"
    }, 
    {
        "Library": "Facebook", 
        "Match Ratio": "576/6283", 
        "Package": "Lcom/facebook", 
        "Permission": [
            "android.permission.BACKUP", 
            "android.permission.BLUETOOTH_ADMIN", 
            "android.permission.DUMP", 
            "android.permission.INTERACT_ACROSS_USERS", 
            "android.permission.INTERACT_ACROSS_USERS_FULL", 
            "android.permission.INTERNET", 
            "android.permission.WAKE_LOCK"
        ], 
        "Popularity": "10026", 
        "Standard Package": "Lcom/facebook", 
        "Type": "Social Network", 
        "Website": "https://developers.facebook.com"
    }, 
    {
        "Library": "OKHttp3.0", 
        "Match Ratio": "9/1117", 
        "Package": "Lokhttp3", 
        "Permission": [], 
        "Popularity": "110", 
        "Standard Package": "Lokhttp3", 
        "Type": "Development Aid", 
        "Website": "https://github.com/square/okhttp"
    }, 
    {
        "Library": "JavaX Annotation API", 
        "Match Ratio": "4/4", 
        "Package": "Ljavax/annotation", 
        "Permission": [], 
        "Popularity": 11267, 
        "Standard Package": "Ljavax/annotation", 
        "Type": "Utility", 
        "Website": ""
    }, 
    {
        "Library": "Bolts Base Library", 
        "Match Ratio": "99/99", 
        "Package": "Lbolts", 
        "Permission": [], 
        "Popularity": 5242, 
        "Standard Package": "Lbolts", 
        "Type": "Development Aid", 
        "Website": "https://github.com/BoltsFramework/Bolts-Android"
    }
]
