[
  {
    "Library": "com.google.firebase::firebase-ml-vision-image-label-model",
    "Category": "Android",
    "Version": "20.0.0",
    "Package": "com.google.firebase.ml.vision.imagelabel"
  },
  {
    "Library": "com.google.firebase::firebase-ml-vision-image-label-model",
    "Category": "Android",
    "Version": "20.0.1",
    "Package": "com.google.firebase.ml.vision.imagelabel"
  },
  {
    "Library": "com.google.firebase::firebase-ml-vision-image-label-model",
    "Category": "Android",
    "Version": "20.0.2",
    "Package": "com.google.firebase.ml.vision.imagelabel"
  },
  {
    "Library": "com.android.support::interpolator",
    "Category": "Android",
    "Version": "28.0.0",
    "Package": "android.support.v4.view.animation"
  },
  {
    "Library": "androidx.interpolator::interpolator",
    "Category": "Android",
    "Version": "1.0.0",
    "Package": "androidx.interpolator.view.animation"
  },
  {
    "Library": "Facebook",
    "Category": "SocialMedia",
    "Version": "4.27.0",
    "Package": "com.facebook.all"
  },
  {
    "Library": "Facebook",
    "Category": "SocialMedia",
    "Version": "4.28.0",
    "Package": "com.facebook.all"
  },
  {
    "Library": "Facebook",
    "Category": "SocialMedia",
    "Version": "4.29.0",
    "Package": "com.facebook.all"
  },
  {
    "Library": "Facebook",
    "Category": "SocialMedia",
    "Version": "4.30.0",
    "Package": "com.facebook.all"
  },
  {
    "Library": "Facebook",
    "Category": "SocialMedia",
    "Version": "4.31.0",
    "Package": "com.facebook.all"
  },
  {
    "Library": "Facebook",
    "Category": "SocialMedia",
    "Version": "4.32.0",
    "Package": "com.facebook.all"
  },
  {
    "Library": "Facebook",
    "Category": "SocialMedia",
    "Version": "4.33.0",
    "Package": "com.facebook.all"
  },
  {
    "Library": "Facebook",
    "Category": "SocialMedia",
    "Version": "4.34.0",
    "Package": "com.facebook.all"
  },
  {
    "Library": "Facebook",
    "Category": "SocialMedia",
    "Version": "4.35.0",
    "Package": "com.facebook.all"
  },
  {
    "Library": "Facebook",
    "Category": "SocialMedia",
    "Version": "4.36.0",
    "Package": "com.facebook.all"
  },
  {
    "Library": "Facebook",
    "Category": "SocialMedia",
    "Version": "4.36.1",
    "Package": "com.facebook.all"
  },
  {
    "Library": "Facebook",
    "Category": "SocialMedia",
    "Version": "4.37.0",
    "Package": "com.facebook.all"
  },
  {
    "Library": "Facebook",
    "Category": "SocialMedia",
    "Version": "4.38.0",
    "Package": "com.facebook.all"
  },
  {
    "Library": "Facebook",
    "Category": "SocialMedia",
    "Version": "4.38.1",
    "Package": "com.facebook.all"
  },
  {
    "Library": "Facebook",
    "Category": "SocialMedia",
    "Version": "4.39.0",
    "Package": "com.facebook.all"
  },
  {
    "Library": "Facebook",
    "Category": "SocialMedia",
    "Version": "4.40.0",
    "Package": "com.facebook.all"
  },
  {
    "Library": "Facebook",
    "Category": "SocialMedia",
    "Version": "4.41.0",
    "Package": "com.facebook.all"
  },
  {
    "Library": "Facebook",
    "Category": "SocialMedia",
    "Version": "4.42.0",
    "Package": "com.facebook.all"
  },
  {
    "Library": "Facebook",
    "Category": "SocialMedia",
    "Version": "5.0.0",
    "Package": "com.facebook.all"
  },
  {
    "Library": "Facebook",
    "Category": "SocialMedia",
    "Version": "5.0.1",
    "Package": "com.facebook.all"
  },
  {
    "Library": "Facebook",
    "Category": "SocialMedia",
    "Version": "5.0.2",
    "Package": "com.facebook.all"
  },
  {
    "Library": "Facebook",
    "Category": "SocialMedia",
    "Version": "5.0.3",
    "Package": "com.facebook.all"
  },
  {
    "Library": "Facebook",
    "Category": "SocialMedia",
    "Version": "5.1.0",
    "Package": "com.facebook.all"
  },
  {
    "Library": "Facebook",
    "Category": "SocialMedia",
    "Version": "5.1.1",
    "Package": "com.facebook.all"
  },
  {
    "Library": "Facebook",
    "Category": "SocialMedia",
    "Version": "5.2.0",
    "Package": "com.facebook.all"
  },
  {
    "Library": "Facebook",
    "Category": "SocialMedia",
    "Version": "5.4.0",
    "Package": "com.facebook.all"
  },
  {
    "Library": "Facebook",
    "Category": "SocialMedia",
    "Version": "5.5.0",
    "Package": "com.facebook.all"
  },
  {
    "Library": "Facebook",
    "Category": "SocialMedia",
    "Version": "5.5.1",
    "Package": "com.facebook.all"
  },
  {
    "Library": "Facebook",
    "Category": "SocialMedia",
    "Version": "5.5.2",
    "Package": "com.facebook.all"
  },
  {
    "Library": "Facebook",
    "Category": "SocialMedia",
    "Version": "5.8.0",
    "Package": "com.facebook.all"
  },
  {
    "Library": "Facebook",
    "Category": "SocialMedia",
    "Version": "5.9.0",
    "Package": "com.facebook.all"
  },
  {
    "Library": "Facebook",
    "Category": "SocialMedia",
    "Version": "5.11.0",
    "Package": "com.facebook.all"
  },
  {
    "Library": "Facebook",
    "Category": "SocialMedia",
    "Version": "5.11.1",
    "Package": "com.facebook.all"
  },
  {
    "Library": "Facebook",
    "Category": "SocialMedia",
    "Version": "5.11.2",
    "Package": "com.facebook.all"
  },
  {
    "Library": "Facebook",
    "Category": "SocialMedia",
    "Version": "5.12.0",
    "Package": "com.facebook.all"
  },
  {
    "Library": "Facebook",
    "Category": "SocialMedia",
    "Version": "5.12.1",
    "Package": "com.facebook.all"
  },
  {
    "Library": "Facebook",
    "Category": "SocialMedia",
    "Version": "5.13.0",
    "Package": "com.facebook.all"
  },
  {
    "Library": "Facebook",
    "Category": "SocialMedia",
    "Version": "5.15.0",
    "Package": "com.facebook.all"
  },
  {
    "Library": "Facebook",
    "Category": "SocialMedia",
    "Version": "5.15.1",
    "Package": "com.facebook.all"
  },
  {
    "Library": "Facebook",
    "Category": "SocialMedia",
    "Version": "5.15.2",
    "Package": "com.facebook.all"
  },
  {
    "Library": "Facebook",
    "Category": "SocialMedia",
    "Version": "5.15.3",
    "Package": "com.facebook.all"
  },
  {
    "Library": "Facebook",
    "Category": "SocialMedia",
    "Version": "6.0.0",
    "Package": "com.facebook.all"
  },
  {
    "Library": "Facebook",
    "Category": "SocialMedia",
    "Version": "6.1.0",
    "Package": "com.facebook.all"
  },
  {
    "Library": "Facebook",
    "Category": "SocialMedia",
    "Version": "6.2.0",
    "Package": "com.facebook.all"
  },
  {
    "Library": "Facebook",
    "Category": "SocialMedia",
    "Version": "6.3.0",
    "Package": "com.facebook.all"
  },
  {
    "Library": "Facebook",
    "Category": "SocialMedia",
    "Version": "6.4.0",
    "Package": "com.facebook.all"
  },
  {
    "Library": "Facebook",
    "Category": "SocialMedia",
    "Version": "6.5.0",
    "Package": "com.facebook.all"
  },
  {
    "Library": "Facebook",
    "Category": "SocialMedia",
    "Version": "6.5.1",
    "Package": "com.facebook.all"
  },
  {
    "Library": "Facebook",
    "Category": "SocialMedia",
    "Version": "7.0.0",
    "Package": "com.facebook.all"
  },
  {
    "Library": "Facebook",
    "Category": "SocialMedia",
    "Version": "7.0.1",
    "Package": "com.facebook.all"
  },
  {
    "Library": "Facebook",
    "Category": "SocialMedia",
    "Version": "7.1.0",
    "Package": "com.facebook.all"
  },
  {
    "Library": "Facebook",
    "Category": "SocialMedia",
    "Version": "8.0.0",
    "Package": "com.facebook.all"
  },
  {
    "Library": "Facebook",
    "Category": "SocialMedia",
    "Version": "8.1.0",
    "Package": "com.facebook.all"
  },
  {
    "Library": "Facebook",
    "Category": "SocialMedia",
    "Version": "8.2.0",
    "Package": "com.facebook.all"
  },
  {
    "Library": "Facebook",
    "Category": "SocialMedia",
    "Version": "9.0.0",
    "Package": "com.facebook.all"
  },
  {
    "Library": "Facebook",
    "Category": "SocialMedia",
    "Version": "9.1.0",
    "Package": "com.facebook.all"
  },
  {
    "Library": "Facebook",
    "Category": "SocialMedia",
    "Version": "9.1.1",
    "Package": "com.facebook.all"
  },
  {
    "Library": "Facebook",
    "Category": "SocialMedia",
    "Version": "11.0.0",
    "Package": "com.facebook.all"
  },
  {
    "Library": "Facebook",
    "Category": "SocialMedia",
    "Version": "11.1.0",
    "Package": "com.facebook.all"
  },
  {
    "Library": "Facebook",
    "Category": "SocialMedia",
    "Version": "11.1.1",
    "Package": "com.facebook.all"
  },
  {
    "Library": "Facebook",
    "Category": "SocialMedia",
    "Version": "11.2.0",
    "Package": "com.facebook.all"
  },
  {
    "Library": "Facebook",
    "Category": "SocialMedia",
    "Version": "11.3.0",
    "Package": "com.facebook.all"
  },
  {
    "Library": "Facebook",
    "Category": "SocialMedia",
    "Version": "12.0.0",
    "Package": "com.facebook.all"
  },
  {
    "Library": "Facebook",
    "Category": "SocialMedia",
    "Version": "12.0.1",
    "Package": "com.facebook.all"
  },
  {
    "Library": "Facebook",
    "Category": "SocialMedia",
    "Version": "12.1.0",
    "Package": "com.facebook.all"
  },
  {
    "Library": "Facebook",
    "Category": "SocialMedia",
    "Version": "12.2.0",
    "Package": "com.facebook.all"
  },
  {
    "Library": "Facebook",
    "Category": "SocialMedia",
    "Version": "12.3.0",
    "Package": "com.facebook.all"
  },
  {
    "Library": "Facebook",
    "Category": "SocialMedia",
    "Version": "13.0.0",
    "Package": "com.facebook.all"
  },
  {
    "Library": "Facebook",
    "Category": "SocialMedia",
    "Version": "13.1.0",
    "Package": "com.facebook.all"
  },
  {
    "Library": "Facebook",
    "Category": "SocialMedia",
    "Version": "13.2.0",
    "Package": "com.facebook.all"
  },
  {
    "Library": "Facebook",
    "Category": "SocialMedia",
    "Version": "14.0.0",
    "Package": "com.facebook.all"
  },
{}]