[
  {
    "Library": "androidx.customview::customview",
    "Category": "Android",
    "Version": "1.0.0",
    "Package": "androidx.customview"
  },
  {
    "Library": "androidx.appcompat::appcompat",
    "Category": "Android",
    "Version": "1.3.0",
    "Package": "androidx.appcompat"
  },
  {
    "Library": "androidx.appcompat::appcompat",
    "Category": "Android",
    "Version": "1.3.1",
    "Package": "androidx.appcompat"
  },
  {
    "Library": "androidx.cursoradapter::cursoradapter",
    "Category": "Android",
    "Version": "1.0.0",
    "Package": "androidx.cursoradapter.widget"
  },
  {
    "Library": "androidx.room::room-common",
    "Category": "Android",
    "Version": "2.3.0",
    "Package": "androidx.room"
  },
  {
    "Library": "androidx.recyclerview::recyclerview",
    "Category": "Android",
    "Version": "1.2.0",
    "Package": "androidx.recyclerview.widget"
  },
  {
    "Library": "androidx.recyclerview::recyclerview",
    "Category": "Android",
    "Version": "1.2.1",
    "Package": "androidx.recyclerview.widget"
  },
  {
    "Library": "com.android.support::loader",
    "Category": "Android",
    "Version": "28.0.0",
    "Package": "android.support.v4"
  },
  {
    "Library": "androidx.constraintlayout::constraintlayout-solver",
    "Category": "Android",
    "Version": "2.0.3",
    "Package": "androidx.constraintlayout.solver"
  },
  {
    "Library": "androidx.constraintlayout::constraintlayout-solver",
    "Category": "Android",
    "Version": "2.0.4",
    "Package": "androidx.constraintlayout.solver"
  },
  {
    "Library": "androidx.annotation::annotation",
    "Category": "Android",
    "Version": "1.0.1",
    "Package": "androidx.annotation"
  },
  {
    "Library": "androidx.annotation::annotation",
    "Category": "Android",
    "Version": "1.0.2",
    "Package": "androidx.annotation"
  },
  {
    "Library": "androidx.annotation::annotation",
    "Category": "Android",
    "Version": "1.1.0",
    "Package": "androidx.annotation"
  },
  {
    "Library": "androidx.annotation::annotation",
    "Category": "Android",
    "Version": "1.2.0",
    "Package": "androidx.annotation"
  },
  {
    "Library": "androidx.annotation::annotation",
    "Category": "Android",
    "Version": "1.3.0",
    "Package": "androidx.annotation"
  },
  {
    "Library": "androidx.annotation::annotation",
    "Category": "Android",
    "Version": "1.4.0",
    "Package": "androidx.annotation"
  },
  {
    "Library": "androidx.coordinatorlayout::coordinatorlayout",
    "Category": "Android",
    "Version": "1.1.0",
    "Package": "androidx.coordinatorlayout.widget"
  },
  {
    "Library": "com.android.support::localbroadcastmanager",
    "Category": "Android",
    "Version": "28.0.0",
    "Package": "android.support.v4.content"
  },
  {
    "Library": "androidx.constraintlayout::constraintlayout",
    "Category": "Android",
    "Version": "2.0.3",
    "Package": "androidx.constraintlayout"
  },
  {
    "Library": "androidx.constraintlayout::constraintlayout",
    "Category": "Android",
    "Version": "2.0.4",
    "Package": "androidx.constraintlayout"
  },
  {
    "Library": "com.android.support::customview",
    "Category": "Android",
    "Version": "28.0.0",
    "Package": "android.support.v4"
  },
  {
    "Library": "com.android.support::drawerlayout",
    "Category": "Android",
    "Version": "28.0.0",
    "Package": "android.support.v4.widget"
  },
  {
    "Library": "androidx.loader::loader",
    "Category": "Android",
    "Version": "1.0.0",
    "Package": "androidx.loader"
  },
  {
    "Library": "androidx.cardview::cardview",
    "Category": "Android",
    "Version": "1.0.0",
    "Package": "androidx.cardview.widget"
  },
  {
    "Library": "com.android.support::support-dynamic-animation",
    "Category": "Android",
    "Version": "27.0.0",
    "Package": "android.support.animation"
  },
  {
    "Library": "com.android.support::support-dynamic-animation",
    "Category": "Android",
    "Version": "27.0.1",
    "Package": "android.support.animation"
  },
  {
    "Library": "com.android.support::support-dynamic-animation",
    "Category": "Android",
    "Version": "27.0.2",
    "Package": "android.support.animation"
  },
  {
    "Library": "com.android.support::support-dynamic-animation",
    "Category": "Android",
    "Version": "27.1.0",
    "Package": "android.support.animation"
  },
  {
    "Library": "com.android.support::support-dynamic-animation",
    "Category": "Android",
    "Version": "27.1.1",
    "Package": "android.support.animation"
  },
  {
    "Library": "com.android.support::support-dynamic-animation",
    "Category": "Android",
    "Version": "28.0.0",
    "Package": "android.support.animation"
  },
  {
    "Library": "androidx.print::print",
    "Category": "Android",
    "Version": "1.0.0",
    "Package": "androidx.print"
  },
  {
    "Library": "androidx.drawerlayout::drawerlayout",
    "Category": "Android",
    "Version": "1.0.0",
    "Package": "androidx.drawerlayout.widget"
  },
  {
    "Library": "com.android.support::support-core-utils",
    "Category": "Android",
    "Version": "28.0.0",
    "Package": "android.support.v4.content"
  },
  {
    "Library": "com.android.support::print",
    "Category": "Android",
    "Version": "28.0.0",
    "Package": "android.support.v4.print"
  },
  {
    "Library": "androidx.sqlite::sqlite-framework",
    "Category": "Android",
    "Version": "2.1.0",
    "Package": "androidx.sqlite.db.framework"
  },
  {
    "Library": "com.google.android.material::material",
    "Category": "Android",
    "Version": "1.3.0",
    "Package": "com.google.android.material"
  },
  {
    "Library": "androidx.dynamicanimation::dynamicanimation",
    "Category": "Android",
    "Version": "1.0.0",
    "Package": "androidx.dynamicanimation.animation"
  },
  {
    "Library": "androidx.arch.core::core-runtime",
    "Category": "Android",
    "Version": "2.1.0",
    "Package": "androidx.arch.core.executor"
  },
  {
    "Library": "com.android.support.constraint::constraint-layout-solver",
    "Category": "Android",
    "Version": "2.0.3",
    "Package": "android.support.constraint.solver"
  },
  {
    "Library": "com.android.support.constraint::constraint-layout-solver",
    "Category": "Android",
    "Version": "2.0.4",
    "Package": "android.support.constraint.solver"
  },
  {
    "Library": "androidx.arch.core::core-common",
    "Category": "Android",
    "Version": "2.0.0",
    "Package": "androidx.arch.core"
  },
  {
    "Library": "androidx.arch.core::core-common",
    "Category": "Android",
    "Version": "2.0.1",
    "Package": "androidx.arch.core"
  },
  {
    "Library": "androidx.arch.core::core-common",
    "Category": "Android",
    "Version": "2.1.0",
    "Package": "androidx.arch.core"
  },
  {
    "Library": "androidx.core::core",
    "Category": "Android",
    "Version": "1.5.0",
    "Package": "androidx.core"
  },
  {
    "Library": "androidx.versionedparcelable::versionedparcelable",
    "Category": "Android",
    "Version": "1.1.0",
    "Package": "androidx.versionedparcelable"
  },
  {
    "Library": "androidx.versionedparcelable::versionedparcelable",
    "Category": "Android",
    "Version": "1.1.1",
    "Package": "androidx.versionedparcelable"
  },
  {
    "Library": "androidx.collection::collection",
    "Category": "Android",
    "Version": "1.1.0",
    "Package": "androidx.collection"
  },
  {
    "Library": "com.android.support::cursoradapter",
    "Category": "Android",
    "Version": "28.0.0",
    "Package": "android.support.v4.widget"
  },
  {
    "Library": "androidx.room::room-runtime",
    "Category": "Android",
    "Version": "2.3.0",
    "Package": "androidx.room"
  },
  {
    "Library": "com.android.support::interpolator",
    "Category": "Android",
    "Version": "28.0.0",
    "Package": "android.support.v4.view.animation"
  },
  {
    "Library": "androidx.interpolator::interpolator",
    "Category": "Android",
    "Version": "1.0.0",
    "Package": "androidx.interpolator.view.animation"
  },
  {
    "Library": "androidx.fragment::fragment",
    "Category": "Android",
    "Version": "1.3.4",
    "Package": "androidx.fragment.app"
  },
  {
    "Library": "androidx.fragment::fragment",
    "Category": "Android",
    "Version": "1.3.5",
    "Package": "androidx.fragment.app"
  },
  {
    "Library": "androidx.fragment::fragment",
    "Category": "Android",
    "Version": "1.3.6",
    "Package": "androidx.fragment.app"
  },
  {
    "Library": "androidx.documentfile::documentfile",
    "Category": "Android",
    "Version": "1.0.0",
    "Package": "androidx.documentfile.provider"
  },
  {
    "Library": "androidx.documentfile::documentfile",
    "Category": "Android",
    "Version": "1.0.1",
    "Package": "androidx.documentfile.provider"
  },
  {
    "Library": "Facebook",
    "Category": "SocialMedia",
    "Version": "4.27.0",
    "Package": "com.facebook.all"
  },
  {
    "Library": "Facebook",
    "Category": "SocialMedia",
    "Version": "4.28.0",
    "Package": "com.facebook.all"
  },
  {
    "Library": "Facebook",
    "Category": "SocialMedia",
    "Version": "4.29.0",
    "Package": "com.facebook.all"
  },
  {
    "Library": "Facebook",
    "Category": "SocialMedia",
    "Version": "4.30.0",
    "Package": "com.facebook.all"
  },
  {
    "Library": "Facebook",
    "Category": "SocialMedia",
    "Version": "4.31.0",
    "Package": "com.facebook.all"
  },
  {
    "Library": "Facebook",
    "Category": "SocialMedia",
    "Version": "4.32.0",
    "Package": "com.facebook.all"
  },
  {
    "Library": "Facebook",
    "Category": "SocialMedia",
    "Version": "4.33.0",
    "Package": "com.facebook.all"
  },
  {
    "Library": "Facebook",
    "Category": "SocialMedia",
    "Version": "4.34.0",
    "Package": "com.facebook.all"
  },
  {
    "Library": "Facebook",
    "Category": "SocialMedia",
    "Version": "4.35.0",
    "Package": "com.facebook.all"
  },
  {
    "Library": "Facebook",
    "Category": "SocialMedia",
    "Version": "4.36.0",
    "Package": "com.facebook.all"
  },
  {
    "Library": "Facebook",
    "Category": "SocialMedia",
    "Version": "4.36.1",
    "Package": "com.facebook.all"
  },
  {
    "Library": "Facebook",
    "Category": "SocialMedia",
    "Version": "4.37.0",
    "Package": "com.facebook.all"
  },
  {
    "Library": "Facebook",
    "Category": "SocialMedia",
    "Version": "4.38.0",
    "Package": "com.facebook.all"
  },
  {
    "Library": "Facebook",
    "Category": "SocialMedia",
    "Version": "4.38.1",
    "Package": "com.facebook.all"
  },
  {
    "Library": "Facebook",
    "Category": "SocialMedia",
    "Version": "4.39.0",
    "Package": "com.facebook.all"
  },
  {
    "Library": "Facebook",
    "Category": "SocialMedia",
    "Version": "4.40.0",
    "Package": "com.facebook.all"
  },
  {
    "Library": "Facebook",
    "Category": "SocialMedia",
    "Version": "4.41.0",
    "Package": "com.facebook.all"
  },
  {
    "Library": "Facebook",
    "Category": "SocialMedia",
    "Version": "4.42.0",
    "Package": "com.facebook.all"
  },
  {
    "Library": "Facebook",
    "Category": "SocialMedia",
    "Version": "5.0.0",
    "Package": "com.facebook.all"
  },
  {
    "Library": "Facebook",
    "Category": "SocialMedia",
    "Version": "5.0.1",
    "Package": "com.facebook.all"
  },
  {
    "Library": "Facebook",
    "Category": "SocialMedia",
    "Version": "5.0.2",
    "Package": "com.facebook.all"
  },
  {
    "Library": "Facebook",
    "Category": "SocialMedia",
    "Version": "5.0.3",
    "Package": "com.facebook.all"
  },
  {
    "Library": "Facebook",
    "Category": "SocialMedia",
    "Version": "5.1.0",
    "Package": "com.facebook.all"
  },
  {
    "Library": "Facebook",
    "Category": "SocialMedia",
    "Version": "5.1.1",
    "Package": "com.facebook.all"
  },
  {
    "Library": "Facebook",
    "Category": "SocialMedia",
    "Version": "5.2.0",
    "Package": "com.facebook.all"
  },
  {
    "Library": "Facebook",
    "Category": "SocialMedia",
    "Version": "5.4.0",
    "Package": "com.facebook.all"
  },
  {
    "Library": "Facebook",
    "Category": "SocialMedia",
    "Version": "5.5.0",
    "Package": "com.facebook.all"
  },
  {
    "Library": "Facebook",
    "Category": "SocialMedia",
    "Version": "5.5.1",
    "Package": "com.facebook.all"
  },
  {
    "Library": "Facebook",
    "Category": "SocialMedia",
    "Version": "5.5.2",
    "Package": "com.facebook.all"
  },
  {
    "Library": "Facebook",
    "Category": "SocialMedia",
    "Version": "5.8.0",
    "Package": "com.facebook.all"
  },
  {
    "Library": "Facebook",
    "Category": "SocialMedia",
    "Version": "5.9.0",
    "Package": "com.facebook.all"
  },
  {
    "Library": "Facebook",
    "Category": "SocialMedia",
    "Version": "5.11.0",
    "Package": "com.facebook.all"
  },
  {
    "Library": "Facebook",
    "Category": "SocialMedia",
    "Version": "5.11.1",
    "Package": "com.facebook.all"
  },
  {
    "Library": "Facebook",
    "Category": "SocialMedia",
    "Version": "5.11.2",
    "Package": "com.facebook.all"
  },
  {
    "Library": "Facebook",
    "Category": "SocialMedia",
    "Version": "5.12.0",
    "Package": "com.facebook.all"
  },
  {
    "Library": "Facebook",
    "Category": "SocialMedia",
    "Version": "5.12.1",
    "Package": "com.facebook.all"
  },
  {
    "Library": "Facebook",
    "Category": "SocialMedia",
    "Version": "5.13.0",
    "Package": "com.facebook.all"
  },
  {
    "Library": "Facebook",
    "Category": "SocialMedia",
    "Version": "5.15.0",
    "Package": "com.facebook.all"
  },
  {
    "Library": "Facebook",
    "Category": "SocialMedia",
    "Version": "5.15.1",
    "Package": "com.facebook.all"
  },
  {
    "Library": "Facebook",
    "Category": "SocialMedia",
    "Version": "5.15.2",
    "Package": "com.facebook.all"
  },
  {
    "Library": "Facebook",
    "Category": "SocialMedia",
    "Version": "5.15.3",
    "Package": "com.facebook.all"
  },
  {
    "Library": "Facebook",
    "Category": "SocialMedia",
    "Version": "6.0.0",
    "Package": "com.facebook.all"
  },
  {
    "Library": "Facebook",
    "Category": "SocialMedia",
    "Version": "6.1.0",
    "Package": "com.facebook.all"
  },
  {
    "Library": "Facebook",
    "Category": "SocialMedia",
    "Version": "6.2.0",
    "Package": "com.facebook.all"
  },
  {
    "Library": "Facebook",
    "Category": "SocialMedia",
    "Version": "6.3.0",
    "Package": "com.facebook.all"
  },
  {
    "Library": "Facebook",
    "Category": "SocialMedia",
    "Version": "6.4.0",
    "Package": "com.facebook.all"
  },
  {
    "Library": "Facebook",
    "Category": "SocialMedia",
    "Version": "6.5.0",
    "Package": "com.facebook.all"
  },
  {
    "Library": "Facebook",
    "Category": "SocialMedia",
    "Version": "6.5.1",
    "Package": "com.facebook.all"
  },
  {
    "Library": "Facebook",
    "Category": "SocialMedia",
    "Version": "7.0.0",
    "Package": "com.facebook.all"
  },
  {
    "Library": "Facebook",
    "Category": "SocialMedia",
    "Version": "7.0.1",
    "Package": "com.facebook.all"
  },
  {
    "Library": "Facebook",
    "Category": "SocialMedia",
    "Version": "7.1.0",
    "Package": "com.facebook.all"
  },
  {
    "Library": "Facebook",
    "Category": "SocialMedia",
    "Version": "8.0.0",
    "Package": "com.facebook.all"
  },
  {
    "Library": "Facebook",
    "Category": "SocialMedia",
    "Version": "8.1.0",
    "Package": "com.facebook.all"
  },
  {
    "Library": "Facebook",
    "Category": "SocialMedia",
    "Version": "8.2.0",
    "Package": "com.facebook.all"
  },
  {
    "Library": "Facebook",
    "Category": "SocialMedia",
    "Version": "9.0.0",
    "Package": "com.facebook.all"
  },
  {
    "Library": "Facebook",
    "Category": "SocialMedia",
    "Version": "9.1.0",
    "Package": "com.facebook.all"
  },
  {
    "Library": "Facebook",
    "Category": "SocialMedia",
    "Version": "9.1.1",
    "Package": "com.facebook.all"
  },
  {
    "Library": "Facebook",
    "Category": "SocialMedia",
    "Version": "11.0.0",
    "Package": "com.facebook.all"
  },
  {
    "Library": "Facebook",
    "Category": "SocialMedia",
    "Version": "11.1.0",
    "Package": "com.facebook.all"
  },
  {
    "Library": "Facebook",
    "Category": "SocialMedia",
    "Version": "11.1.1",
    "Package": "com.facebook.all"
  },
  {
    "Library": "Facebook",
    "Category": "SocialMedia",
    "Version": "11.2.0",
    "Package": "com.facebook.all"
  },
  {
    "Library": "Facebook",
    "Category": "SocialMedia",
    "Version": "11.3.0",
    "Package": "com.facebook.all"
  },
  {
    "Library": "Facebook",
    "Category": "SocialMedia",
    "Version": "12.0.0",
    "Package": "com.facebook.all"
  },
  {
    "Library": "Facebook",
    "Category": "SocialMedia",
    "Version": "12.0.1",
    "Package": "com.facebook.all"
  },
  {
    "Library": "Facebook",
    "Category": "SocialMedia",
    "Version": "12.1.0",
    "Package": "com.facebook.all"
  },
  {
    "Library": "Facebook",
    "Category": "SocialMedia",
    "Version": "12.2.0",
    "Package": "com.facebook.all"
  },
  {
    "Library": "Facebook",
    "Category": "SocialMedia",
    "Version": "12.3.0",
    "Package": "com.facebook.all"
  },
  {
    "Library": "Facebook",
    "Category": "SocialMedia",
    "Version": "13.0.0",
    "Package": "com.facebook.all"
  },
  {
    "Library": "Facebook",
    "Category": "SocialMedia",
    "Version": "13.1.0",
    "Package": "com.facebook.all"
  },
  {
    "Library": "Facebook",
    "Category": "SocialMedia",
    "Version": "13.2.0",
    "Package": "com.facebook.all"
  },
  {
    "Library": "Facebook",
    "Category": "SocialMedia",
    "Version": "14.0.0",
    "Package": "com.facebook.all"
  },
  {
    "Library": "androidx.sqlite::sqlite",
    "Category": "Android",
    "Version": "2.1.0",
    "Package": "androidx.sqlite.db"
  },
  {
    "Library": "androidx.legacy::legacy-support-core-utils",
    "Category": "Android",
    "Version": "1.0.0",
    "Package": "androidx.legacy.content"
  },
  {
    "Library": "com.android.support::documentfile",
    "Category": "Android",
    "Version": "28.0.0",
    "Package": "android.support.v4.provider"
  },
  {
    "Library": "com.android.support::viewpager",
    "Category": "Android",
    "Version": "28.0.0",
    "Package": "android.support.v4.view"
  },
  {
    "Library": "com.android.support::cardview-v7",
    "Category": "Android",
    "Version": "27.1.0",
    "Package": "android.support.v7.widget"
  },
  {
    "Library": "com.android.support::cardview-v7",
    "Category": "Android",
    "Version": "27.1.1",
    "Package": "android.support.v7.widget"
  },
  {
    "Library": "com.android.support::cardview-v7",
    "Category": "Android",
    "Version": "28.0.0",
    "Package": "android.support.v7.widget"
  },
  {
    "Library": "androidx.localbroadcastmanager::localbroadcastmanager",
    "Category": "Android",
    "Version": "1.0.0",
    "Package": "androidx.localbroadcastmanager.content"
  },
  {
    "Library": "androidx.localbroadcastmanager::localbroadcastmanager",
    "Category": "Android",
    "Version": "1.1.0",
    "Package": "androidx.localbroadcastmanager.content"
  },
  {
    "Library": "androidx.viewpager::viewpager",
    "Category": "Android",
    "Version": "1.0.0",
    "Package": "androidx.viewpager.widget"
  },
{}]