[
  {
    "Library": "androidx.customview::customview",
    "Category": "Android",
    "Version": "1.0.0",
    "Package": "androidx.customview"
  },
  {
    "Library": "androidx.appcompat::appcompat",
    "Category": "Android",
    "Version": "1.1.0",
    "Package": "androidx.appcompat"
  },
  {
    "Library": "androidx.cursoradapter::cursoradapter",
    "Category": "Android",
    "Version": "1.0.0",
    "Package": "androidx.cursoradapter.widget"
  },
  {
    "Library": "okio",
    "Category": "Utilities",
    "Version": "1.15.0",
    "Package": "okio"
  },
  {
    "Library": "androidx.recyclerview::recyclerview",
    "Category": "Android",
    "Version": "1.1.0",
    "Package": "androidx.recyclerview.widget"
  },
  {
    "Library": "com.android.support::loader",
    "Category": "Android",
    "Version": "28.0.0",
    "Package": "android.support.v4"
  },
  {
    "Library": "OkHttp",
    "Category": "Utilities",
    "Version": "3.12.0",
    "Package": "okhttp3"
  },
  {
    "Library": "OkHttp",
    "Category": "Utilities",
    "Version": "3.12.1",
    "Package": "okhttp3"
  },
  {
    "Library": "OkHttp",
    "Category": "Utilities",
    "Version": "3.12.2",
    "Package": "okhttp3"
  },
  {
    "Library": "OkHttp",
    "Category": "Utilities",
    "Version": "3.12.3",
    "Package": "okhttp3"
  },
  {
    "Library": "androidx.annotation::annotation",
    "Category": "Android",
    "Version": "1.1.0",
    "Package": "androidx.annotation"
  },
  {
    "Library": "com.google.android.gms::play-services-places-placereport",
    "Category": "Android",
    "Version": "15.0.0",
    "Package": "com.google.android.gms.location.places"
  },
  {
    "Library": "com.google.android.gms::play-services-places-placereport",
    "Category": "Android",
    "Version": "15.0.1",
    "Package": "com.google.android.gms.location.places"
  },
  {
    "Library": "com.google.android.gms::play-services-places-placereport",
    "Category": "Android",
    "Version": "16.0.0",
    "Package": "com.google.android.gms.location.places"
  },
  {
    "Library": "com.google.android.gms::play-services-places-placereport",
    "Category": "Android",
    "Version": "17.0.0",
    "Package": "com.google.android.gms.location.places"
  },
  {
    "Library": "androidx.coordinatorlayout::coordinatorlayout",
    "Category": "Android",
    "Version": "1.1.0",
    "Package": "androidx.coordinatorlayout.widget"
  },
  {
    "Library": "com.google.android.gms::play-services-base",
    "Category": "Android",
    "Version": "16.1.0",
    "Package": "com.google.android.gms"
  },
  {
    "Library": "com.google.android.gms::play-services-base",
    "Category": "Android",
    "Version": "17.0.0",
    "Package": "com.google.android.gms"
  },
  {
    "Library": "com.android.support::customview",
    "Category": "Android",
    "Version": "28.0.0",
    "Package": "android.support.v4"
  },
  {
    "Library": "com.android.support::drawerlayout",
    "Category": "Android",
    "Version": "28.0.0",
    "Package": "android.support.v4.widget"
  },
  {
    "Library": "androidx.loader::loader",
    "Category": "Android",
    "Version": "1.0.0",
    "Package": "androidx.loader"
  },
  {
    "Library": "androidx.cardview::cardview",
    "Category": "Android",
    "Version": "1.0.0",
    "Package": "androidx.cardview.widget"
  },
  {
    "Library": "androidx.drawerlayout::drawerlayout",
    "Category": "Android",
    "Version": "1.0.0",
    "Package": "androidx.drawerlayout.widget"
  },
  {
    "Library": "Fresco",
    "Category": "Android",
    "Version": "1.14.1",
    "Package": "com.facebook.drawee.backends.pipeline"
  },
  {
    "Library": "Fresco",
    "Category": "Android",
    "Version": "2.0.0",
    "Package": "com.facebook.drawee.backends.pipeline"
  },
  {
    "Library": "com.google.android.gms::play-services-basement",
    "Category": "Android",
    "Version": "16.2.0",
    "Package": "com.google"
  },
  {
    "Library": "com.google.android.gms::play-services-basement",
    "Category": "Android",
    "Version": "17.0.0",
    "Package": "com.google"
  },
  {
    "Library": "com.google.android.material::material",
    "Category": "Android",
    "Version": "1.1.0",
    "Package": "com.google.android.material"
  },
  {
    "Library": "androidx.arch.core::core-runtime",
    "Category": "Android",
    "Version": "2.1.0",
    "Package": "androidx.arch.core.executor"
  },
  {
    "Library": "com.google.android.gms::play-services-location",
    "Category": "Android",
    "Version": "15.0.0",
    "Package": "com.google.android.gms"
  },
  {
    "Library": "com.google.android.gms::play-services-location",
    "Category": "Android",
    "Version": "15.0.1",
    "Package": "com.google.android.gms"
  },
  {
    "Library": "com.google.android.gms::play-services-location",
    "Category": "Android",
    "Version": "16.0.0",
    "Package": "com.google.android.gms"
  },
  {
    "Library": "com.google.android.gms::play-services-location",
    "Category": "Android",
    "Version": "17.0.0",
    "Package": "com.google.android.gms"
  },
  {
    "Library": "com.google.firebase::firebase-ml-vision-image-label-model",
    "Category": "Android",
    "Version": "20.0.0",
    "Package": "com.google.firebase.ml.vision.imagelabel"
  },
  {
    "Library": "com.google.firebase::firebase-ml-vision-image-label-model",
    "Category": "Android",
    "Version": "20.0.1",
    "Package": "com.google.firebase.ml.vision.imagelabel"
  },
  {
    "Library": "com.google.firebase::firebase-ml-vision-image-label-model",
    "Category": "Android",
    "Version": "20.0.2",
    "Package": "com.google.firebase.ml.vision.imagelabel"
  },
  {
    "Library": "com.android.support::multidex-instrumentation",
    "Category": "Android",
    "Version": "1.0.0",
    "Package": "com.android.test.runner"
  },
  {
    "Library": "com.android.support::multidex-instrumentation",
    "Category": "Android",
    "Version": "1.0.1",
    "Package": "com.android.test.runner"
  },
  {
    "Library": "com.android.support::multidex-instrumentation",
    "Category": "Android",
    "Version": "1.0.2",
    "Package": "com.android.test.runner"
  },
  {
    "Library": "com.android.support::multidex-instrumentation",
    "Category": "Android",
    "Version": "1.0.3",
    "Package": "com.android.test.runner"
  },
  {
    "Library": "androidx.arch.core::core-common",
    "Category": "Android",
    "Version": "2.0.0",
    "Package": "androidx.arch.core"
  },
  {
    "Library": "androidx.arch.core::core-common",
    "Category": "Android",
    "Version": "2.0.1",
    "Package": "androidx.arch.core"
  },
  {
    "Library": "androidx.arch.core::core-common",
    "Category": "Android",
    "Version": "2.1.0",
    "Package": "androidx.arch.core"
  },
  {
    "Library": "androidx.core::core",
    "Category": "Android",
    "Version": "1.3.2",
    "Package": "androidx.core"
  },
  {
    "Library": "androidx.versionedparcelable::versionedparcelable",
    "Category": "Android",
    "Version": "1.1.0",
    "Package": "androidx.versionedparcelable"
  },
  {
    "Library": "androidx.versionedparcelable::versionedparcelable",
    "Category": "Android",
    "Version": "1.1.1",
    "Package": "androidx.versionedparcelable"
  },
  {
    "Library": "androidx.collection::collection",
    "Category": "Android",
    "Version": "1.1.0",
    "Package": "androidx.collection"
  },
  {
    "Library": "androidx.palette::palette-ktx",
    "Category": "Android",
    "Version": "1.0.0",
    "Package": "androidx.palette.graphics"
  },
  {
    "Library": "com.google.android.gms::play-services-tasks",
    "Category": "Android",
    "Version": "15.0.0",
    "Package": "com.google.android.gms.tasks"
  },
  {
    "Library": "com.google.android.gms::play-services-tasks",
    "Category": "Android",
    "Version": "15.0.1",
    "Package": "com.google.android.gms.tasks"
  },
  {
    "Library": "com.google.android.gms::play-services-tasks",
    "Category": "Android",
    "Version": "16.0.1",
    "Package": "com.google.android.gms.tasks"
  },
  {
    "Library": "com.google.android.gms::play-services-tasks",
    "Category": "Android",
    "Version": "17.0.0",
    "Package": "com.google.android.gms.tasks"
  },
  {
    "Library": "com.android.support::cursoradapter",
    "Category": "Android",
    "Version": "28.0.0",
    "Package": "android.support.v4.widget"
  },
  {
    "Library": "com.android.support::interpolator",
    "Category": "Android",
    "Version": "28.0.0",
    "Package": "android.support.v4.view.animation"
  },
  {
    "Library": "androidx.interpolator::interpolator",
    "Category": "Android",
    "Version": "1.0.0",
    "Package": "androidx.interpolator.view.animation"
  },
  {
    "Library": "androidx.fragment::fragment",
    "Category": "Android",
    "Version": "1.2.0",
    "Package": "androidx.fragment.app"
  },
  {
    "Library": "androidx.fragment::fragment",
    "Category": "Android",
    "Version": "1.2.1",
    "Package": "androidx.fragment.app"
  },
  {
    "Library": "androidx.fragment::fragment",
    "Category": "Android",
    "Version": "1.2.2",
    "Package": "androidx.fragment.app"
  },
  {
    "Library": "androidx.fragment::fragment",
    "Category": "Android",
    "Version": "1.2.3",
    "Package": "androidx.fragment.app"
  },
  {
    "Library": "androidx.fragment::fragment",
    "Category": "Android",
    "Version": "1.2.4",
    "Package": "androidx.fragment.app"
  },
  {
    "Library": "androidx.multidex::multidex-instrumentation",
    "Category": "Android",
    "Version": "2.0.0",
    "Package": "com.android.test.runner"
  },
  {
    "Library": "Facebook",
    "Category": "SocialMedia",
    "Version": "4.27.0",
    "Package": "com.facebook.all"
  },
  {
    "Library": "Facebook",
    "Category": "SocialMedia",
    "Version": "4.28.0",
    "Package": "com.facebook.all"
  },
  {
    "Library": "Facebook",
    "Category": "SocialMedia",
    "Version": "4.29.0",
    "Package": "com.facebook.all"
  },
  {
    "Library": "Facebook",
    "Category": "SocialMedia",
    "Version": "4.30.0",
    "Package": "com.facebook.all"
  },
  {
    "Library": "Facebook",
    "Category": "SocialMedia",
    "Version": "4.31.0",
    "Package": "com.facebook.all"
  },
  {
    "Library": "Facebook",
    "Category": "SocialMedia",
    "Version": "4.32.0",
    "Package": "com.facebook.all"
  },
  {
    "Library": "Facebook",
    "Category": "SocialMedia",
    "Version": "4.33.0",
    "Package": "com.facebook.all"
  },
  {
    "Library": "Facebook",
    "Category": "SocialMedia",
    "Version": "4.34.0",
    "Package": "com.facebook.all"
  },
  {
    "Library": "Facebook",
    "Category": "SocialMedia",
    "Version": "4.35.0",
    "Package": "com.facebook.all"
  },
  {
    "Library": "Facebook",
    "Category": "SocialMedia",
    "Version": "4.36.0",
    "Package": "com.facebook.all"
  },
  {
    "Library": "Facebook",
    "Category": "SocialMedia",
    "Version": "4.36.1",
    "Package": "com.facebook.all"
  },
  {
    "Library": "Facebook",
    "Category": "SocialMedia",
    "Version": "4.37.0",
    "Package": "com.facebook.all"
  },
  {
    "Library": "Facebook",
    "Category": "SocialMedia",
    "Version": "4.38.0",
    "Package": "com.facebook.all"
  },
  {
    "Library": "Facebook",
    "Category": "SocialMedia",
    "Version": "4.38.1",
    "Package": "com.facebook.all"
  },
  {
    "Library": "Facebook",
    "Category": "SocialMedia",
    "Version": "4.39.0",
    "Package": "com.facebook.all"
  },
  {
    "Library": "Facebook",
    "Category": "SocialMedia",
    "Version": "4.40.0",
    "Package": "com.facebook.all"
  },
  {
    "Library": "Facebook",
    "Category": "SocialMedia",
    "Version": "4.41.0",
    "Package": "com.facebook.all"
  },
  {
    "Library": "Facebook",
    "Category": "SocialMedia",
    "Version": "4.42.0",
    "Package": "com.facebook.all"
  },
  {
    "Library": "Facebook",
    "Category": "SocialMedia",
    "Version": "5.0.0",
    "Package": "com.facebook.all"
  },
  {
    "Library": "Facebook",
    "Category": "SocialMedia",
    "Version": "5.0.1",
    "Package": "com.facebook.all"
  },
  {
    "Library": "Facebook",
    "Category": "SocialMedia",
    "Version": "5.0.2",
    "Package": "com.facebook.all"
  },
  {
    "Library": "Facebook",
    "Category": "SocialMedia",
    "Version": "5.0.3",
    "Package": "com.facebook.all"
  },
  {
    "Library": "Facebook",
    "Category": "SocialMedia",
    "Version": "5.1.0",
    "Package": "com.facebook.all"
  },
  {
    "Library": "Facebook",
    "Category": "SocialMedia",
    "Version": "5.1.1",
    "Package": "com.facebook.all"
  },
  {
    "Library": "Facebook",
    "Category": "SocialMedia",
    "Version": "5.2.0",
    "Package": "com.facebook.all"
  },
  {
    "Library": "Facebook",
    "Category": "SocialMedia",
    "Version": "5.4.0",
    "Package": "com.facebook.all"
  },
  {
    "Library": "Facebook",
    "Category": "SocialMedia",
    "Version": "5.5.0",
    "Package": "com.facebook.all"
  },
  {
    "Library": "Facebook",
    "Category": "SocialMedia",
    "Version": "5.5.1",
    "Package": "com.facebook.all"
  },
  {
    "Library": "Facebook",
    "Category": "SocialMedia",
    "Version": "5.5.2",
    "Package": "com.facebook.all"
  },
  {
    "Library": "Facebook",
    "Category": "SocialMedia",
    "Version": "5.8.0",
    "Package": "com.facebook.all"
  },
  {
    "Library": "Facebook",
    "Category": "SocialMedia",
    "Version": "5.9.0",
    "Package": "com.facebook.all"
  },
  {
    "Library": "Facebook",
    "Category": "SocialMedia",
    "Version": "5.11.0",
    "Package": "com.facebook.all"
  },
  {
    "Library": "Facebook",
    "Category": "SocialMedia",
    "Version": "5.11.1",
    "Package": "com.facebook.all"
  },
  {
    "Library": "Facebook",
    "Category": "SocialMedia",
    "Version": "5.11.2",
    "Package": "com.facebook.all"
  },
  {
    "Library": "Facebook",
    "Category": "SocialMedia",
    "Version": "5.12.0",
    "Package": "com.facebook.all"
  },
  {
    "Library": "Facebook",
    "Category": "SocialMedia",
    "Version": "5.12.1",
    "Package": "com.facebook.all"
  },
  {
    "Library": "Facebook",
    "Category": "SocialMedia",
    "Version": "5.13.0",
    "Package": "com.facebook.all"
  },
  {
    "Library": "Facebook",
    "Category": "SocialMedia",
    "Version": "5.15.0",
    "Package": "com.facebook.all"
  },
  {
    "Library": "Facebook",
    "Category": "SocialMedia",
    "Version": "5.15.1",
    "Package": "com.facebook.all"
  },
  {
    "Library": "Facebook",
    "Category": "SocialMedia",
    "Version": "5.15.2",
    "Package": "com.facebook.all"
  },
  {
    "Library": "Facebook",
    "Category": "SocialMedia",
    "Version": "5.15.3",
    "Package": "com.facebook.all"
  },
  {
    "Library": "Facebook",
    "Category": "SocialMedia",
    "Version": "6.0.0",
    "Package": "com.facebook.all"
  },
  {
    "Library": "Facebook",
    "Category": "SocialMedia",
    "Version": "6.1.0",
    "Package": "com.facebook.all"
  },
  {
    "Library": "Facebook",
    "Category": "SocialMedia",
    "Version": "6.2.0",
    "Package": "com.facebook.all"
  },
  {
    "Library": "Facebook",
    "Category": "SocialMedia",
    "Version": "6.3.0",
    "Package": "com.facebook.all"
  },
  {
    "Library": "Facebook",
    "Category": "SocialMedia",
    "Version": "6.4.0",
    "Package": "com.facebook.all"
  },
  {
    "Library": "Facebook",
    "Category": "SocialMedia",
    "Version": "6.5.0",
    "Package": "com.facebook.all"
  },
  {
    "Library": "Facebook",
    "Category": "SocialMedia",
    "Version": "6.5.1",
    "Package": "com.facebook.all"
  },
  {
    "Library": "Facebook",
    "Category": "SocialMedia",
    "Version": "7.0.0",
    "Package": "com.facebook.all"
  },
  {
    "Library": "Facebook",
    "Category": "SocialMedia",
    "Version": "7.0.1",
    "Package": "com.facebook.all"
  },
  {
    "Library": "Facebook",
    "Category": "SocialMedia",
    "Version": "7.1.0",
    "Package": "com.facebook.all"
  },
  {
    "Library": "Facebook",
    "Category": "SocialMedia",
    "Version": "8.0.0",
    "Package": "com.facebook.all"
  },
  {
    "Library": "Facebook",
    "Category": "SocialMedia",
    "Version": "8.1.0",
    "Package": "com.facebook.all"
  },
  {
    "Library": "Facebook",
    "Category": "SocialMedia",
    "Version": "8.2.0",
    "Package": "com.facebook.all"
  },
  {
    "Library": "Facebook",
    "Category": "SocialMedia",
    "Version": "9.0.0",
    "Package": "com.facebook.all"
  },
  {
    "Library": "Facebook",
    "Category": "SocialMedia",
    "Version": "9.1.0",
    "Package": "com.facebook.all"
  },
  {
    "Library": "Facebook",
    "Category": "SocialMedia",
    "Version": "9.1.1",
    "Package": "com.facebook.all"
  },
  {
    "Library": "Facebook",
    "Category": "SocialMedia",
    "Version": "11.0.0",
    "Package": "com.facebook.all"
  },
  {
    "Library": "Facebook",
    "Category": "SocialMedia",
    "Version": "11.1.0",
    "Package": "com.facebook.all"
  },
  {
    "Library": "Facebook",
    "Category": "SocialMedia",
    "Version": "11.1.1",
    "Package": "com.facebook.all"
  },
  {
    "Library": "Facebook",
    "Category": "SocialMedia",
    "Version": "11.2.0",
    "Package": "com.facebook.all"
  },
  {
    "Library": "Facebook",
    "Category": "SocialMedia",
    "Version": "11.3.0",
    "Package": "com.facebook.all"
  },
  {
    "Library": "Facebook",
    "Category": "SocialMedia",
    "Version": "12.0.0",
    "Package": "com.facebook.all"
  },
  {
    "Library": "Facebook",
    "Category": "SocialMedia",
    "Version": "12.0.1",
    "Package": "com.facebook.all"
  },
  {
    "Library": "Facebook",
    "Category": "SocialMedia",
    "Version": "12.1.0",
    "Package": "com.facebook.all"
  },
  {
    "Library": "Facebook",
    "Category": "SocialMedia",
    "Version": "12.2.0",
    "Package": "com.facebook.all"
  },
  {
    "Library": "Facebook",
    "Category": "SocialMedia",
    "Version": "12.3.0",
    "Package": "com.facebook.all"
  },
  {
    "Library": "Facebook",
    "Category": "SocialMedia",
    "Version": "13.0.0",
    "Package": "com.facebook.all"
  },
  {
    "Library": "Facebook",
    "Category": "SocialMedia",
    "Version": "13.1.0",
    "Package": "com.facebook.all"
  },
  {
    "Library": "Facebook",
    "Category": "SocialMedia",
    "Version": "13.2.0",
    "Package": "com.facebook.all"
  },
  {
    "Library": "Facebook",
    "Category": "SocialMedia",
    "Version": "14.0.0",
    "Package": "com.facebook.all"
  },
  {
    "Library": "com.android.support::viewpager",
    "Category": "Android",
    "Version": "28.0.0",
    "Package": "android.support.v4.view"
  },
  {
    "Library": "com.android.support::cardview-v7",
    "Category": "Android",
    "Version": "27.1.0",
    "Package": "android.support.v7.widget"
  },
  {
    "Library": "com.android.support::cardview-v7",
    "Category": "Android",
    "Version": "27.1.1",
    "Package": "android.support.v7.widget"
  },
  {
    "Library": "com.android.support::cardview-v7",
    "Category": "Android",
    "Version": "28.0.0",
    "Package": "android.support.v7.widget"
  },
  {
    "Library": "androidx.viewpager::viewpager",
    "Category": "Android",
    "Version": "1.0.0",
    "Package": "androidx.viewpager.widget"
  },
{}]